{
    "Plugins": [
        {
            "Info": {
                "Types": {
                    "Hd_USTC_CG_RendererPlugin": {
                        "bases": [
                            "HdRendererPlugin"
                        ],
                        "displayName": "USTC_CG",
                        "priority": 2
                    }
                }
            },
            "LibraryPath": "@PLUG_INFO_LIBRARY_PATH@",
            "Name": "hd_USTC_CG",
            "ResourcePath": "@PLUG_INFO_RESOURCE_PATH@",
            "Root": "@PLUG_INFO_ROOT@",
            "Type": "library"
        }
    ]
}
