{"links_info":{"30":{"EndPinID":5,"ID":30,"StartPinID":3}},"nodes_info":{"1":{"ID":1,"id_name":"comp_read_usd","inputs":{"0":2},"outputs":{"0":3}},"12":{"ID":12,"id_name":"comp_add_point_light","inputs":{"0":13,"1":14,"2":15,"3":16,"4":17,"5":18,"6":19,"7":20},"outputs":null},"21":{"ID":21,"id_name":"comp_add_point_light","inputs":{"0":22,"1":23,"2":24,"3":25,"4":26,"5":27,"6":28,"7":29},"outputs":null},"4":{"ID":4,"id_name":"comp_merge_to_global","inputs":{"0":5,"1":6},"outputs":null},"7":{"ID":7,"id_name":"comp_read_usd","inputs":{"0":8},"outputs":{"0":9}}},"sockets_info":{"13":{"ID":13,"id_name":"SocketFloat","identifier":"X","in_out":1,"ui_name":"X","value":0.7609999775886536},"14":{"ID":14,"id_name":"SocketFloat","identifier":"Y","in_out":1,"ui_name":"Y","value":-3.9779999256134033},"15":{"ID":15,"id_name":"SocketFloat","identifier":"Z","in_out":1,"ui_name":"Z","value":2.5420000553131104},"16":{"ID":16,"id_name":"SocketFloat","identifier":"R","in_out":1,"ui_name":"R","value":0.5189999938011169},"17":{"ID":17,"id_name":"SocketFloat","identifier":"G","in_out":1,"ui_name":"G","value":0.8069999814033508},"18":{"ID":18,"id_name":"SocketFloat","identifier":"B","in_out":1,"ui_name":"B","value":0.8080000281333923},"19":{"ID":19,"id_name":"SocketFloat","identifier":"radius","in_out":1,"ui_name":"radius","value":0.6389999985694885},"2":{"ID":2,"id_name":"SocketString","identifier":"File Name","in_out":1,"ui_name":"File Name","value":"Sponza.usda"},"20":{"ID":20,"id_name":"SocketString","identifier":"Path","in_out":1,"ui_name":"Path","value":"Light1"},"22":{"ID":22,"id_name":"SocketFloat","identifier":"X","in_out":1,"ui_name":"X","value":5.269000053405762},"23":{"ID":23,"id_name":"SocketFloat","identifier":"Y","in_out":1,"ui_name":"Y","value":2.930000066757202},"24":{"ID":24,"id_name":"SocketFloat","identifier":"Z","in_out":1,"ui_name":"Z","value":3.319999933242798},"25":{"ID":25,"id_name":"SocketFloat","identifier":"R","in_out":1,"ui_name":"R","value":1.0570000410079956},"26":{"ID":26,"id_name":"SocketFloat","identifier":"G","in_out":1,"ui_name":"G","value":0.6729999780654907},"27":{"ID":27,"id_name":"SocketFloat","identifier":"B","in_out":1,"ui_name":"B","value":0.6729999780654907},"28":{"ID":28,"id_name":"SocketFloat","identifier":"radius","in_out":1,"ui_name":"radius","value":0.781000018119812},"29":{"ID":29,"id_name":"SocketString","identifier":"Path","in_out":1,"ui_name":"Path","value":"Light2"},"3":{"ID":3,"id_name":"SocketLayer","identifier":"Layer","in_out":0,"ui_name":"Layer"},"5":{"ID":5,"id_name":"SocketLayer","identifier":"Layer","in_out":1,"ui_name":"Layer"},"6":{"ID":6,"id_name":"SocketString","identifier":"Path","in_out":1,"ui_name":"Path","value":"Scene"},"8":{"ID":8,"id_name":"SocketString","identifier":"File Name","in_out":1,"ui_name":"File Name","value":"box_on_plane.usda"},"9":{"ID":9,"id_name":"SocketLayer","identifier":"Layer","in_out":0,"ui_name":"Layer"}},"nodes":{"node:1":{"location":{"x":168,"y":302}},"node:12":{"location":{"x":712,"y":470}},"node:21":{"location":{"x":1080,"y":462}},"node:4":{"location":{"x":648,"y":230}},"node:7":{"location":{"x":170,"y":382}}},"selection":null,"view":{"scroll":{"x":109.795463562011719,"y":-199.653701782226562},"visible_rect":{"max":{"x":1354.4998779296875,"y":1138.7529296875},"min":{"x":111.49981689453125,"y":-202.752914428710938}},"zoom":0.984714269638061523}}