{"links_info":{"1":{"EndPinID":6,"ID":1,"StartPinID":36},"17":{"EndPinID":63,"ID":17,"StartPinID":42},"18":{"EndPinID":45,"ID":18,"StartPinID":81},"19":{"EndPinID":77,"ID":19,"StartPinID":15},"2":{"EndPinID":7,"ID":2,"StartPinID":38},"20":{"EndPinID":62,"ID":20,"StartPinID":38},"21":{"EndPinID":79,"ID":21,"StartPinID":66},"23":{"EndPinID":76,"ID":23,"StartPinID":14},"28":{"EndPinID":73,"ID":28,"StartPinID":36},"3":{"EndPinID":78,"ID":3,"StartPinID":16},"34":{"EndPinID":74,"ID":34,"StartPinID":42},"4":{"EndPinID":75,"ID":4,"StartPinID":11},"48":{"EndPinID":8,"ID":48,"StartPinID":40}},"nodes_info":{"35":{"ID":35,"id_name":"render_scene_camera","inputs":null,"outputs":{"0":36}},"37":{"ID":37,"id_name":"render_scene_meshes","inputs":null,"outputs":{"0":38}},"39":{"ID":39,"id_name":"render_scene_materials","inputs":null,"outputs":{"0":40}},"41":{"ID":41,"id_name":"render_scene_lights","inputs":null,"outputs":{"0":42}},"44":{"ID":44,"id_name":"render_present","inputs":{"0":45},"outputs":null},"5":{"ID":5,"id_name":"render_rasterize_impl","inputs":{"0":6,"1":7,"2":8,"3":9,"4":10},"outputs":{"0":11,"1":12,"2":13,"3":14,"4":15,"5":16}},"61":{"ID":61,"id_name":"render_shadow_mapping","inputs":{"0":62,"1":63,"2":64,"3":65},"outputs":{"0":66}},"72":{"ID":72,"id_name":"render_deferred_lighting","inputs":{"0":73,"1":74,"2":75,"3":76,"4":77,"5":78,"6":79,"7":80},"outputs":{"0":81}}},"sockets_info":{"10":{"ID":10,"id_name":"SocketString","identifier":"Fragment Shader","in_out":1,"ui_name":"Fragment Shader","value":"shaders/rasterize_impl.frag"},"11":{"ID":11,"id_name":"SocketTexture","identifier":"Position","in_out":0,"ui_name":"Position"},"12":{"ID":12,"id_name":"SocketTexture","identifier":"Depth","in_out":0,"ui_name":"Depth"},"13":{"ID":13,"id_name":"SocketTexture","identifier":"Texcoords","in_out":0,"ui_name":"Texcoords"},"14":{"ID":14,"id_name":"SocketTexture","identifier":"diffuseColor","in_out":0,"ui_name":"diffuseColor"},"15":{"ID":15,"id_name":"SocketTexture","identifier":"MetallicRoughness","in_out":0,"ui_name":"MetallicRoughness"},"16":{"ID":16,"id_name":"SocketTexture","identifier":"Normal","in_out":0,"ui_name":"Normal"},"36":{"ID":36,"id_name":"SocketCamera","identifier":"Camera","in_out":0,"ui_name":"Camera"},"38":{"ID":38,"id_name":"SocketMeshes","identifier":"Meshes","in_out":0,"ui_name":"Meshes"},"40":{"ID":40,"id_name":"SocketMaterials","identifier":"Materials","in_out":0,"ui_name":"Materials"},"42":{"ID":42,"id_name":"SocketLights","identifier":"Lights","in_out":0,"ui_name":"Lights"},"45":{"ID":45,"id_name":"SocketTexture","identifier":"Present","in_out":1,"ui_name":"Present"},"6":{"ID":6,"id_name":"SocketCamera","identifier":"Camera","in_out":1,"ui_name":"Camera"},"62":{"ID":62,"id_name":"SocketMeshes","identifier":"Meshes","in_out":1,"ui_name":"Meshes"},"63":{"ID":63,"id_name":"SocketLights","identifier":"Lights","in_out":1,"ui_name":"Lights"},"64":{"ID":64,"id_name":"SocketInt","identifier":"resolution","in_out":1,"ui_name":"resolution","value":1024},"65":{"ID":65,"id_name":"SocketString","identifier":"Shader","in_out":1,"ui_name":"Shader","value":"shaders/shadow_mapping.frag"},"66":{"ID":66,"id_name":"SocketTexture","identifier":"Shadow Maps","in_out":0,"ui_name":"Shadow Maps"},"7":{"ID":7,"id_name":"SocketMeshes","identifier":"Meshes","in_out":1,"ui_name":"Meshes"},"73":{"ID":73,"id_name":"SocketCamera","identifier":"Camera","in_out":1,"ui_name":"Camera"},"74":{"ID":74,"id_name":"SocketLights","identifier":"Lights","in_out":1,"ui_name":"Lights"},"75":{"ID":75,"id_name":"SocketTexture","identifier":"Position","in_out":1,"ui_name":"Position"},"76":{"ID":76,"id_name":"SocketTexture","identifier":"diffuseColor","in_out":1,"ui_name":"diffuseColor"},"77":{"ID":77,"id_name":"SocketTexture","identifier":"MetallicRoughness","in_out":1,"ui_name":"MetallicRoughness"},"78":{"ID":78,"id_name":"SocketTexture","identifier":"Normal","in_out":1,"ui_name":"Normal"},"79":{"ID":79,"id_name":"SocketTexture","identifier":"Shadow Maps","in_out":1,"ui_name":"Shadow Maps"},"8":{"ID":8,"id_name":"SocketMaterials","identifier":"Materials","in_out":1,"ui_name":"Materials"},"80":{"ID":80,"id_name":"SocketString","identifier":"Lighting Shader","in_out":1,"ui_name":"Lighting Shader","value":"shaders/blinn_phong.frag"},"81":{"ID":81,"id_name":"SocketTexture","identifier":"Color","in_out":0,"ui_name":"Color"},"9":{"ID":9,"id_name":"SocketString","identifier":"Vertex Shader","in_out":1,"ui_name":"Vertex Shader","value":"shaders/rasterize_impl.vert"}},"nodes":{"node:35":{"location":{"x":-468,"y":-370}},"node:37":{"location":{"x":-452,"y":-274}},"node:39":{"location":{"x":-473,"y":-178}},"node:41":{"location":{"x":-468,"y":-82}},"node:44":{"location":{"x":696,"y":-258}},"node:5":{"location":{"x":-180,"y":-490}},"node:61":{"location":{"x":-264,"y":127}},"node:72":{"location":{"x":368,"y":-114}}},"selection":["node:5"],"view":{"scroll":{"x":-467.59027099609375,"y":-771.39312744140625},"visible_rect":{"max":{"x":848.54644775390625,"y":642.35491943359375},"min":{"x":-524.54644775390625,"y":-865.35491943359375}},"zoom":0.891418159008026123}}